date,count,counties
2020-02-15,16,"Gulf County,Gilchrist County,Franklin County,Flagler County,Taylor County,Dixie County,Hernando County,Citrus County,DeSoto County,Pinellas County,Santa Rosa County,Monroe County,St. Johns County,Holmes County,Bay County,Baker County"
2020-02-16,12,"Washington County,Pinellas County,Bradford County,Hernando County,Franklin County,St. Johns County,Sarasota County,Flagler County,Monroe County,Citrus County,Union County,Dixie County"
2020-02-17,9,"Monroe County,Bradford County,Flagler County,Gulf County,St. Johns County,Holmes County,Hamilton County,Baker County,Gilchrist County"
2020-02-18,14,"Franklin County,Seminole County,St. Johns County,Gilchrist County,Sarasota County,DeSoto County,Gulf County,Monroe County,Taylor County,Washington County,Holmes County,Collier County,Nassau County,Baker County"
2020-02-19,13,"Gulf County,Jefferson County,Citrus County,Monroe County,Washington County,Baker County,Franklin County,St. Johns County,Hamilton County,Suwannee County,Union County,Okaloosa County,Dixie County"
2020-02-20,11,"Citrus County,Baker County,Gulf County,Seminole County,St. Johns County,Sarasota County,Franklin County,Washington County,St. Lucie County,Collier County,Monroe County"
2020-02-21,5,"Baker County,Washington County,Holmes County,Monroe County,Gulf County"
2020-02-22,13,"Liberty County,Sumter County,Baker County,Franklin County,Hendry County,Citrus County,Jefferson County,Monroe County,Holmes County,Washington County,Pinellas County,Gulf County,Seminole County"
2020-02-23,18,"Monroe County,St. Lucie County,Calhoun County,Holmes County,Nassau County,St. Johns County,Sarasota County,Flagler County,Franklin County,Charlotte County,Citrus County,Bradford County,Hendry County,Pinellas County,Polk County,Manatee County,Hernando County,Washington County"
2020-02-24,12,"Baker County,Okeechobee County,Pinellas County,Taylor County,Franklin County,Madison County,St. Johns County,Citrus County,Sarasota County,Hernando County,Union County,Monroe County"
2020-02-25,10,"St. Lucie County,Seminole County,Collier County,Holmes County,Hernando County,Charlotte County,Monroe County,Sarasota County,Franklin County,Baker County"
2020-02-26,18,"Santa Rosa County,Monroe County,Polk County,Washington County,Escambia County,St. Johns County,Suwannee County,Okaloosa County,Charlotte County,Walton County,Baker County,St. Lucie County,Indian River County,Jackson County,Holmes County,Osceola County,Union County,Collier County"
2020-02-27,48,"Okeechobee County,Pinellas County,Manatee County,Volusia County,Highlands County,Citrus County,Columbia County,Escambia County,Polk County,St. Lucie County,Hillsborough County,Clay County,Lee County,Franklin County,Alachua County,Miami-Dade County,Union County,Baker County,Walton County,Jackson County,Charlotte County,Suwannee County,Bay County,Wakulla County,Orange County,Osceola County,Lake County,Gadsden County,Holmes County,Nassau County,Collier County,Washington County,Hernando County,Hamilton County,St. Johns County,Madison County,Sumter County,Marion County,Monroe County,Calhoun County,Santa Rosa County,Duval County,Seminole County,Sarasota County,Indian River County,Bradford County,Taylor County,DeSoto County"
2020-02-28,37,"St. Johns County,Monroe County,Citrus County,Nassau County,Alachua County,Miami-Dade County,Sarasota County,Polk County,Gadsden County,Gilchrist County,St. Lucie County,Osceola County,Lee County,Baker County,Taylor County,Okaloosa County,Bay County,Jefferson County,Okeechobee County,Holmes County,Hernando County,Washington County,Madison County,Santa Rosa County,Seminole County,Duval County,Suwannee County,Pinellas County,Gulf County,Columbia County,Clay County,Charlotte County,Hamilton County,Franklin County,Liberty County,Manatee County,Jackson County"
2020-02-29,37,"Citrus County,Columbia County,Nassau County,Washington County,Holmes County,Jefferson County,Bay County,Taylor County,Hillsborough County,Duval County,Seminole County,Jackson County,Volusia County,Escambia County,Baker County,Clay County,Polk County,Orange County,Monroe County,St. Lucie County,Osceola County,Pinellas County,Manatee County,Gadsden County,Gilchrist County,Liberty County,Okaloosa County,Madison County,St. Johns County,Franklin County,Sarasota County,Santa Rosa County,Charlotte County,Calhoun County,Walton County,Hernando County,Sumter County"
2020-03-01,50,"Alachua County,Walton County,Jefferson County,Broward County,Monroe County,Sarasota County,Holmes County,Gulf County,Okaloosa County,Duval County,Jackson County,Hamilton County,Lee County,Charlotte County,Volusia County,Calhoun County,Baker County,Levy County,Leon County,Polk County,Hendry County,Columbia County,Orange County,Pinellas County,Franklin County,Collier County,St. Lucie County,Union County,Bradford County,Manatee County,Washington County,DeSoto County,Highlands County,Sumter County,Santa Rosa County,Hernando County,Escambia County,Nassau County,Citrus County,Hillsborough County,Bay County,Clay County,Suwannee County,St. Johns County,Seminole County,Flagler County,Osceola County,Madison County,Gadsden County,Brevard County"
2020-03-02,46,"Gulf County,Duval County,Palm Beach County,Levy County,Marion County,Hillsborough County,Sumter County,Holmes County,Pinellas County,Washington County,Brevard County,Charlotte County,Madison County,Collier County,St. Lucie County,Okeechobee County,St. Johns County,Seminole County,Osceola County,Gadsden County,Citrus County,Suwannee County,Nassau County,Bradford County,Miami-Dade County,Hernando County,Highlands County,Martin County,Manatee County,Flagler County,Polk County,Jackson County,Hamilton County,Lee County,Escambia County,Volusia County,Baker County,Leon County,Franklin County,Columbia County,Taylor County,Dixie County,Broward County,Monroe County,Hendry County,Sarasota County"
2020-03-03,56,"Bay County,Taylor County,Lake County,Calhoun County,Alachua County,Suwannee County,Volusia County,Sumter County,Hendry County,Walton County,St. Lucie County,Okeechobee County,Indian River County,Osceola County,Gadsden County,Miami-Dade County,Nassau County,Hernando County,DeSoto County,Broward County,Sarasota County,Dixie County,Franklin County,Hillsborough County,Washington County,Madison County,Brevard County,Pasco County,Collier County,Holmes County,Jefferson County,Okaloosa County,Marion County,Duval County,Levy County,Jackson County,Hamilton County,Baker County,Columbia County,Escambia County,Highlands County,Pinellas County,Flagler County,Lee County,Bradford County,St. Johns County,Charlotte County,Palm Beach County,Polk County,Santa Rosa County,Monroe County,Manatee County,Citrus County,Orange County,Leon County,Seminole County"
2020-03-04,46,"Jefferson County,Okeechobee County,Hillsborough County,Madison County,St. Johns County,Franklin County,Baker County,Indian River County,Marion County,Pinellas County,Sarasota County,Manatee County,Osceola County,Duval County,Hamilton County,St. Lucie County,Orange County,Volusia County,Monroe County,Dixie County,Collier County,Holmes County,Polk County,Brevard County,Citrus County,Lee County,Columbia County,Gilchrist County,Washington County,Broward County,Palm Beach County,Sumter County,Seminole County,Bradford County,Nassau County,Wakulla County,Taylor County,Suwannee County,Highlands County,Union County,Levy County,DeSoto County,Flagler County,Miami-Dade County,Hernando County,Charlotte County"
2020-03-05,41,"Suwannee County,Monroe County,Wakulla County,Santa Rosa County,Collier County,Indian River County,Volusia County,Baker County,Manatee County,Pinellas County,Jefferson County,Broward County,Franklin County,Highlands County,Columbia County,Lee County,Calhoun County,Holmes County,Seminole County,Orange County,Dixie County,Polk County,Madison County,Charlotte County,St. Johns County,Sumter County,Bay County,Osceola County,Miami-Dade County,Flagler County,Gadsden County,Citrus County,Sarasota County,DeSoto County,Hillsborough County,Palm Beach County,Hernando County,Okeechobee County,Washington County,Taylor County,St. Lucie County"
2020-03-06,29,"Lee County,Okaloosa County,Baker County,Franklin County,Nassau County,Hernando County,Indian River County,Citrus County,Liberty County,Osceola County,St. Johns County,Walton County,St. Lucie County,Polk County,Hendry County,Broward County,Monroe County,Columbia County,Wakulla County,Charlotte County,Gulf County,Washington County,Pinellas County,Jefferson County,Collier County,Santa Rosa County,Flagler County,Seminole County,Taylor County"
2020-03-07,33,"Collier County,Walton County,Holmes County,St. Lucie County,Monroe County,Santa Rosa County,Washington County,Palm Beach County,Polk County,Jackson County,Charlotte County,Seminole County,Gilchrist County,Clay County,Hernando County,Bay County,Sarasota County,Gulf County,Suwannee County,Taylor County,St. Johns County,Indian River County,Madison County,Citrus County,Osceola County,Columbia County,Okaloosa County,Sumter County,Lee County,Flagler County,Baker County,Franklin County,Volusia County"
2020-03-08,30,"St. Lucie County,Levy County,Jackson County,Suwannee County,Holmes County,Gulf County,Bay County,Walton County,Citrus County,Osceola County,Bradford County,Baker County,Okaloosa County,Flagler County,Washington County,Sumter County,Collier County,Nassau County,Madison County,Escambia County,Hernando County,Columbia County,Volusia County,Polk County,Taylor County,Calhoun County,Union County,Santa Rosa County,Franklin County,St. Johns County"
2020-03-09,38,"Hamilton County,St. Johns County,Suwannee County,Baker County,Holmes County,Seminole County,Nassau County,Levy County,Monroe County,Gulf County,Gilchrist County,Bradford County,Okaloosa County,Bay County,Flagler County,St. Lucie County,Walton County,Charlotte County,Hernando County,Gadsden County,Franklin County,Polk County,Washington County,Marion County,Palm Beach County,Sumter County,Osceola County,Columbia County,Madison County,Okeechobee County,Dixie County,Volusia County,Taylor County,Pinellas County,Indian River County,Broward County,Citrus County,Collier County"
2020-03-10,43,"Gulf County,Franklin County,Holmes County,Hernando County,Gadsden County,Hillsborough County,Sumter County,Flagler County,Okaloosa County,Santa Rosa County,Hamilton County,Indian River County,Taylor County,Suwannee County,Gilchrist County,Walton County,Pinellas County,St. Lucie County,Marion County,DeSoto County,Charlotte County,Bay County,Nassau County,Lee County,Polk County,Osceola County,Palm Beach County,Monroe County,Levy County,Lake County,Broward County,Washington County,Seminole County,Manatee County,Volusia County,Columbia County,Miami-Dade County,Wakulla County,St. Johns County,Calhoun County,Baker County,Collier County,Citrus County"
2020-03-11,49,"Santa Rosa County,Gadsden County,Levy County,St. Lucie County,Baker County,Osceola County,Washington County,Palm Beach County,Manatee County,Charlotte County,Dixie County,Collier County,Taylor County,Hernando County,Hamilton County,Suwannee County,Gilchrist County,Escambia County,Columbia County,Volusia County,Lake County,Calhoun County,Highlands County,Okaloosa County,Alachua County,Franklin County,Brevard County,Sumter County,Walton County,Pinellas County,Miami-Dade County,Flagler County,Nassau County,Broward County,Citrus County,Indian River County,Gulf County,Wakulla County,Bay County,Bradford County,Jefferson County,Seminole County,DeSoto County,Madison County,Polk County,St. Johns County,Lee County,Hillsborough County,Holmes County"
2020-03-12,61,"Jefferson County,Monroe County,Sumter County,Pasco County,Volusia County,Gulf County,Gilchrist County,Taylor County,Holmes County,Hamilton County,Lake County,Pinellas County,Walton County,Hillsborough County,Jackson County,Bay County,Bradford County,Levy County,Polk County,Duval County,Washington County,Calhoun County,Broward County,Collier County,Baker County,St. Lucie County,Wakulla County,Santa Rosa County,Palm Beach County,Indian River County,Citrus County,Suwannee County,Nassau County,Hendry County,Highlands County,Madison County,Miami-Dade County,Orange County,St. Johns County,Lee County,DeSoto County,Brevard County,Okaloosa County,Charlotte County,Osceola County,Okeechobee County,Sarasota County,Gadsden County,Seminole County,Dixie County,Columbia County,Escambia County,Martin County,Franklin County,Leon County,Flagler County,Clay County,Alachua County,Manatee County,Hernando County,Marion County"
2020-03-13,62,"Liberty County,Gulf County,Hendry County,Broward County,Jefferson County,Citrus County,Wakulla County,Pinellas County,Seminole County,Flagler County,Highlands County,Hillsborough County,Sarasota County,Gadsden County,Gilchrist County,Calhoun County,Escambia County,Lake County,Manatee County,Clay County,Taylor County,Brevard County,Walton County,Madison County,Santa Rosa County,Palm Beach County,Charlotte County,Suwannee County,St. Johns County,Orange County,Polk County,Lee County,Bradford County,Leon County,Monroe County,Levy County,Collier County,Bay County,DeSoto County,Washington County,Jackson County,Hernando County,St. Lucie County,Franklin County,Baker County,Hamilton County,Miami-Dade County,Marion County,Holmes County,Indian River County,Sumter County,Columbia County,Dixie County,Pasco County,Osceola County,Okaloosa County,Martin County,Okeechobee County,Volusia County,Duval County,Nassau County,Alachua County"
2020-03-14,64,"Hernando County,Madison County,Osceola County,Collier County,Leon County,Polk County,Gadsden County,Columbia County,Manatee County,Dixie County,Okaloosa County,Volusia County,Clay County,Escambia County,Charlotte County,St. Lucie County,Seminole County,Okeechobee County,Liberty County,Martin County,Flagler County,Wakulla County,Hendry County,Indian River County,Nassau County,Citrus County,Miami-Dade County,Brevard County,Franklin County,DeSoto County,Lee County,Putnam County,Union County,Orange County,Highlands County,Suwannee County,Monroe County,Palm Beach County,Marion County,St. Johns County,Santa Rosa County,Gilchrist County,Washington County,Pasco County,Walton County,Bradford County,Sumter County,Levy County,Taylor County,Holmes County,Duval County,Baker County,Lake County,Gulf County,Jefferson County,Hamilton County,Bay County,Hillsborough County,Jackson County,Alachua County,Sarasota County,Broward County,Calhoun County,Pinellas County"
2020-03-15,58,"Union County,Bay County,Santa Rosa County,Charlotte County,Lee County,Sumter County,Suwannee County,Citrus County,Madison County,Franklin County,Nassau County,Bradford County,Osceola County,Jackson County,St. Lucie County,St. Johns County,Pinellas County,Brevard County,Calhoun County,Gadsden County,Holmes County,Palm Beach County,Hillsborough County,Marion County,Highlands County,Duval County,DeSoto County,Hernando County,Alachua County,Broward County,Lake County,Manatee County,Jefferson County,Dixie County,Gulf County,Okaloosa County,Columbia County,Hamilton County,Okeechobee County,Monroe County,Collier County,Volusia County,Seminole County,Levy County,Gilchrist County,Sarasota County,Escambia County,Baker County,Hendry County,Clay County,Washington County,Walton County,Flagler County,Indian River County,Polk County,Taylor County,Leon County,Wakulla County"
2020-03-16,62,"Collier County,Wakulla County,Martin County,Sumter County,Seminole County,Hendry County,Pinellas County,Lee County,Highlands County,Indian River County,Holmes County,Okeechobee County,Flagler County,DeSoto County,Jefferson County,Gulf County,Gadsden County,Citrus County,Brevard County,Miami-Dade County,Broward County,Gilchrist County,Charlotte County,Alachua County,Baker County,Santa Rosa County,Jackson County,Madison County,Osceola County,Bradford County,Washington County,Walton County,Clay County,Leon County,Polk County,Dixie County,Okaloosa County,Columbia County,Escambia County,Lake County,Nassau County,Taylor County,Hamilton County,St. Johns County,Franklin County,Bay County,Union County,Hillsborough County,Levy County,Orange County,Volusia County,Calhoun County,Monroe County,Manatee County,St. Lucie County,Pasco County,Hernando County,Palm Beach County,Duval County,Marion County,Sarasota County,Suwannee County"
2020-03-17,60,"Alachua County,Broward County,Walton County,Calhoun County,Sumter County,Okaloosa County,Miami-Dade County,Pasco County,Flagler County,Seminole County,Gadsden County,Levy County,Franklin County,Highlands County,Leon County,Hernando County,Nassau County,St. Lucie County,Palm Beach County,Santa Rosa County,Gulf County,Madison County,Jackson County,Taylor County,Clay County,Baker County,Lake County,Holmes County,Polk County,Escambia County,St. Johns County,Duval County,Manatee County,DeSoto County,Bay County,Gilchrist County,Union County,Suwannee County,Volusia County,Bradford County,Jefferson County,Okeechobee County,Marion County,Wakulla County,Osceola County,Hendry County,Citrus County,Charlotte County,Collier County,Washington County,Monroe County,Indian River County,Sarasota County,Martin County,Columbia County,Brevard County,Dixie County,Lee County,Hillsborough County,Pinellas County"
2020-03-18,58,"Gulf County,Collier County,Charlotte County,Holmes County,Marion County,Osceola County,Washington County,Okaloosa County,Columbia County,Dixie County,Hamilton County,Volusia County,Jackson County,Baker County,Jefferson County,Pasco County,Okeechobee County,Duval County,Bay County,Sumter County,Franklin County,Levy County,Bradford County,St. Lucie County,Santa Rosa County,Palm Beach County,Suwannee County,Martin County,Lee County,Highlands County,Madison County,Brevard County,Indian River County,Seminole County,Citrus County,Flagler County,Hendry County,Wakulla County,Nassau County,Gadsden County,Miami-Dade County,Clay County,Polk County,Pinellas County,Hillsborough County,Taylor County,Lake County,Gilchrist County,Monroe County,Calhoun County,Broward County,Walton County,Manatee County,St. Johns County,Leon County,Escambia County,DeSoto County,Hernando County"
2020-03-19,51,"Franklin County,Martin County,Pinellas County,Washington County,Hendry County,Seminole County,Gadsden County,Suwannee County,Madison County,Polk County,Manatee County,Bradford County,Gulf County,Bay County,Baker County,Walton County,Broward County,Okeechobee County,Monroe County,Palm Beach County,Okaloosa County,Sumter County,Miami-Dade County,Duval County,Holmes County,Clay County,Escambia County,Jackson County,Collier County,St. Lucie County,St. Johns County,Hillsborough County,Jefferson County,Highlands County,Taylor County,Lake County,Calhoun County,Volusia County,Santa Rosa County,DeSoto County,Dixie County,Nassau County,Columbia County,Levy County,Lee County,Flagler County,Charlotte County,Union County,Indian River County,Wakulla County,Citrus County"
2020-03-20,52,"St. Johns County,Broward County,Sumter County,Manatee County,Hendry County,Escambia County,Suwannee County,Clay County,Lee County,Polk County,Madison County,Santa Rosa County,Palm Beach County,Citrus County,Gilchrist County,St. Lucie County,Bradford County,Martin County,DeSoto County,Union County,Marion County,Osceola County,Washington County,Columbia County,Dixie County,Hamilton County,Volusia County,Jackson County,Baker County,Duval County,Holmes County,Bay County,Okeechobee County,Gulf County,Collier County,Wakulla County,Pinellas County,Hillsborough County,Jefferson County,Taylor County,Lake County,Liberty County,Calhoun County,Seminole County,Okaloosa County,Franklin County,Highlands County,Walton County,Flagler County,Gadsden County,Charlotte County,Miami-Dade County"
2020-03-21,26,"St. Lucie County,Wakulla County,Jefferson County,Liberty County,Calhoun County,Bradford County,Gilchrist County,Gadsden County,Taylor County,Gulf County,DeSoto County,Levy County,Union County,Franklin County,Washington County,Dixie County,Hamilton County,Baker County,Duval County,Columbia County,Madison County,Hendry County,Suwannee County,Sumter County,Okeechobee County,Flagler County"
2020-03-22,10,"Gulf County,Taylor County,DeSoto County,Franklin County,Washington County,Dixie County,Hendry County,Gilchrist County,Suwannee County,Bradford County"
2020-03-23,11,"Gadsden County,Dixie County,Flagler County,Washington County,Baker County,Gilchrist County,Taylor County,Bradford County,Calhoun County,Jefferson County,Gulf County"
2020-03-24,8,"Union County,Washington County,Franklin County,Jefferson County,Taylor County,Hamilton County,Dixie County,Baker County"
2020-03-25,7,"Jefferson County,Gulf County,Baker County,Washington County,Taylor County,Dixie County,Hamilton County"
2020-03-26,5,"Jefferson County,Taylor County,Hamilton County,Gadsden County,Dixie County"
2020-03-27,4,"Gulf County,Taylor County,Washington County,Jefferson County"
2020-03-28,5,"Taylor County,Gilchrist County,Gulf County,Baker County,Jefferson County"
2020-03-29,1,Washington County
2020-03-30,3,"Taylor County,Hamilton County,Gilchrist County"
2020-03-31,1,Hamilton County
2020-04-01,25,"Madison County,DeSoto County,Okaloosa County,Santa Rosa County,Jefferson County,Escambia County,Washington County,Jackson County,Gilchrist County,Dixie County,Holmes County,Suwannee County,Gulf County,Bradford County,Hamilton County,Baker County,Wakulla County,Putnam County,Columbia County,Gadsden County,Taylor County,Franklin County,Okeechobee County,Calhoun County,St. Lucie County"
2020-04-02,14,"Dixie County,Taylor County,Calhoun County,Hamilton County,Jefferson County,Okeechobee County,St. Lucie County,Putnam County,Columbia County,Madison County,Baker County,Washington County,Bradford County,Gadsden County"
2020-04-03,10,"Jefferson County,Baker County,Taylor County,Bradford County,Putnam County,Dixie County,Gilchrist County,Gadsden County,Washington County,Madison County"
2020-04-04,11,"Jefferson County,Dixie County,Bradford County,Hamilton County,Washington County,Taylor County,Gadsden County,Liberty County,Baker County,Madison County,Gilchrist County"
2020-04-05,2,"Washington County,Taylor County"
2020-04-07,1,Bradford County
2020-04-09,2,"Columbia County,Bradford County"
2020-04-10,2,"Bradford County,Columbia County"
2020-04-11,7,"Putnam County,Columbia County,Bradford County,Suwannee County,Gadsden County,Flagler County,Citrus County"
2020-04-13,1,Bradford County
2020-04-14,2,"Putnam County,Bradford County"
2020-04-15,3,"Bradford County,Jackson County,Putnam County"
2020-04-16,5,"Putnam County,Gadsden County,Bradford County,Levy County,Columbia County"
2020-04-17,2,"Putnam County,Bradford County"
2020-04-18,2,"Putnam County,Bradford County"
2020-04-19,2,"Putnam County,Bradford County"
2020-04-20,2,"Putnam County,Bradford County"
2020-04-21,2,"Bradford County,Putnam County"
2020-04-22,4,"Santa Rosa County,Bradford County,Putnam County,Suwannee County"
2020-04-23,2,"Bradford County,Putnam County"
2020-04-24,4,"Jackson County,Putnam County,Santa Rosa County,Bradford County"
2020-04-25,6,"Putnam County,Suwannee County,Wakulla County,Bradford County,Hernando County,Santa Rosa County"
2020-04-26,4,"Putnam County,Columbia County,Bradford County,Levy County"
2020-04-27,4,"Columbia County,Levy County,Bradford County,Putnam County"
2020-04-28,5,"Gadsden County,Putnam County,Bradford County,Levy County,Santa Rosa County"
2020-04-29,5,"DeSoto County,Bradford County,Putnam County,Columbia County,Levy County"
2020-04-30,9,"Nassau County,Putnam County,Santa Rosa County,Columbia County,Gadsden County,Bradford County,Bay County,Levy County,Escambia County"
2020-05-01,12,"Gadsden County,Jackson County,Clay County,Suwannee County,Escambia County,Levy County,Santa Rosa County,Bay County,Putnam County,Nassau County,Columbia County,Bradford County"
2020-05-02,14,"Columbia County,Wakulla County,Levy County,Bay County,Escambia County,Hernando County,Okaloosa County,Bradford County,Jackson County,Suwannee County,DeSoto County,Santa Rosa County,Clay County,Putnam County"
2020-05-03,11,"Escambia County,Okaloosa County,Clay County,Putnam County,Suwannee County,Jackson County,Santa Rosa County,Nassau County,Bay County,Levy County,Columbia County"
2020-05-04,11,"Escambia County,Columbia County,Nassau County,Suwannee County,Levy County,Bay County,Bradford County,Gadsden County,Jackson County,Putnam County,Santa Rosa County"
2020-05-05,14,"Jackson County,Santa Rosa County,St. Johns County,DeSoto County,Suwannee County,Gadsden County,Putnam County,Bay County,Nassau County,Levy County,Hernando County,Escambia County,Okaloosa County,Bradford County"
2020-05-06,13,"Nassau County,Okaloosa County,DeSoto County,Hernando County,Putnam County,Escambia County,Suwannee County,Santa Rosa County,Walton County,Levy County,Bay County,Columbia County,Bradford County"
2020-05-07,14,"Jackson County,DeSoto County,Nassau County,Gadsden County,Columbia County,Bradford County,Okaloosa County,Hernando County,Santa Rosa County,Bay County,Putnam County,Levy County,Escambia County,Suwannee County"
2020-05-08,17,"Santa Rosa County,Gadsden County,Bay County,Bradford County,Escambia County,Marion County,St. Johns County,Suwannee County,Walton County,Nassau County,Columbia County,Hernando County,Okaloosa County,Citrus County,DeSoto County,Putnam County,Clay County"
2020-05-09,32,"Leon County,Nassau County,Hendry County,Suwannee County,Columbia County,Highlands County,Seminole County,Bradford County,Duval County,Escambia County,Marion County,Pasco County,St. Lucie County,Clay County,Okaloosa County,Levy County,Hernando County,Polk County,Santa Rosa County,Jackson County,Flagler County,St. Johns County,Citrus County,Walton County,Lake County,Volusia County,Brevard County,DeSoto County,Putnam County,Gadsden County,Bay County,Martin County"
2020-05-10,20,"Jackson County,Okaloosa County,Gadsden County,Bay County,Putnam County,Hernando County,Escambia County,Santa Rosa County,Citrus County,Columbia County,Suwannee County,Hendry County,Duval County,DeSoto County,Nassau County,Hardee County,Walton County,Levy County,St. Johns County,Clay County"
2020-05-11,9,"Okaloosa County,Jackson County,Santa Rosa County,Levy County,Nassau County,Escambia County,Bradford County,Columbia County,Putnam County"
2020-05-12,14,"DeSoto County,Suwannee County,Escambia County,Gadsden County,Putnam County,Okaloosa County,Levy County,Jackson County,Walton County,Bay County,St. Johns County,Bradford County,Hernando County,Santa Rosa County"
2020-05-13,11,"Bradford County,Putnam County,Escambia County,Bay County,St. Johns County,Walton County,Santa Rosa County,Hernando County,DeSoto County,Okaloosa County,Columbia County"
2020-05-14,15,"Baker County,Escambia County,Washington County,Gadsden County,Santa Rosa County,Hernando County,Okaloosa County,Jackson County,Bay County,Wakulla County,Putnam County,Bradford County,Taylor County,Levy County,Columbia County"
2020-05-15,13,"St. Johns County,Taylor County,Wakulla County,Escambia County,Baker County,Santa Rosa County,Suwannee County,Washington County,Okaloosa County,Putnam County,Bradford County,Bay County,Clay County"
2020-05-16,15,"Taylor County,Levy County,Suwannee County,Santa Rosa County,Clay County,Putnam County,Escambia County,Bradford County,Wakulla County,Columbia County,Okaloosa County,Bay County,Jackson County,Walton County,Hernando County"
2020-05-17,15,"Clay County,Bradford County,Levy County,Okaloosa County,Columbia County,Putnam County,Hernando County,Walton County,Jackson County,Nassau County,Escambia County,Suwannee County,Bay County,Santa Rosa County,St. Johns County"
2020-05-18,8,"Levy County,Bradford County,Bay County,Columbia County,Jackson County,Taylor County,Nassau County,Washington County"
2020-05-19,19,"Clay County,Washington County,Jackson County,Bay County,Nassau County,St. Johns County,Taylor County,Suwannee County,Santa Rosa County,Gadsden County,Wakulla County,Baker County,Levy County,Bradford County,Putnam County,Escambia County,Walton County,Okaloosa County,Hernando County"
2020-05-20,15,"Clay County,Santa Rosa County,Suwannee County,St. Johns County,Bay County,Washington County,Putnam County,Walton County,Okaloosa County,Nassau County,Hernando County,Bradford County,Escambia County,Taylor County,Columbia County"
2020-05-21,19,"Nassau County,Levy County,Washington County,Baker County,Santa Rosa County,St. Johns County,Bay County,Jackson County,Walton County,Bradford County,Suwannee County,Escambia County,Gadsden County,Clay County,Taylor County,Putnam County,Okaloosa County,Columbia County,Hernando County"
2020-05-22,24,"Washington County,Marion County,Escambia County,Columbia County,Citrus County,Clay County,Taylor County,Levy County,Wakulla County,Duval County,Santa Rosa County,Hernando County,Nassau County,Okaloosa County,Putnam County,Baker County,Bradford County,Jackson County,Walton County,Bay County,Suwannee County,St. Johns County,Flagler County,Gadsden County"
2020-05-23,23,"Wakulla County,Bay County,Bradford County,Walton County,Jackson County,Escambia County,St. Johns County,Gadsden County,Suwannee County,Clay County,Flagler County,Levy County,Columbia County,Santa Rosa County,Taylor County,Hernando County,Citrus County,Marion County,Putnam County,Okaloosa County,Duval County,Nassau County,Volusia County"
2020-05-24,20,"Santa Rosa County,St. Johns County,Escambia County,Suwannee County,Hernando County,Okaloosa County,Nassau County,Putnam County,Bradford County,Walton County,Gadsden County,Bay County,Flagler County,Jackson County,Duval County,Columbia County,Levy County,Clay County,Volusia County,Citrus County"
2020-05-25,9,"Bradford County,Walton County,Nassau County,Taylor County,Okaloosa County,Washington County,Bay County,Santa Rosa County,Wakulla County"
2020-05-26,10,"Washington County,Bay County,Walton County,Santa Rosa County,Baker County,Bradford County,Taylor County,Escambia County,Hernando County,Okaloosa County"
2020-05-27,17,"Washington County,Escambia County,Levy County,Columbia County,Taylor County,Suwannee County,Hernando County,Santa Rosa County,St. Johns County,Gulf County,Walton County,Bradford County,Putnam County,Bay County,Okaloosa County,Nassau County,Jackson County"
2020-05-28,14,"Hernando County,Bradford County,Okaloosa County,Nassau County,Santa Rosa County,Baker County,Jackson County,Escambia County,Suwannee County,Bay County,Washington County,Walton County,Gadsden County,Taylor County"
2020-05-29,16,"Suwannee County,Santa Rosa County,Washington County,Walton County,Taylor County,St. Johns County,Nassau County,Baker County,Clay County,Escambia County,Bay County,Jackson County,Columbia County,Bradford County,Hernando County,Okaloosa County"
2020-05-30,17,"Duval County,Santa Rosa County,Okaloosa County,Columbia County,Taylor County,Bradford County,Hernando County,Walton County,Jackson County,Nassau County,Bay County,Brevard County,Clay County,Escambia County,Putnam County,Suwannee County,Gadsden County"
2020-05-31,15,"Hernando County,Jackson County,St. Johns County,Levy County,Okaloosa County,Suwannee County,Columbia County,Bradford County,Walton County,Santa Rosa County,Bay County,Escambia County,Clay County,Putnam County,Nassau County"
2020-06-01,21,"Hernando County,Wakulla County,Santa Rosa County,Putnam County,Clay County,Gadsden County,Columbia County,Okaloosa County,Nassau County,Duval County,Levy County,Bay County,Bradford County,Washington County,Escambia County,Jackson County,Marion County,Walton County,Taylor County,Suwannee County,Flagler County"
2020-06-02,21,"Bay County,Jackson County,Baker County,Clay County,Suwannee County,Okaloosa County,Escambia County,Washington County,Nassau County,Taylor County,Putnam County,Wakulla County,Duval County,Gadsden County,St. Johns County,Volusia County,Bradford County,Santa Rosa County,Hernando County,Levy County,Walton County"
2020-06-03,22,"St. Johns County,Suwannee County,Okaloosa County,Columbia County,Citrus County,Escambia County,Bradford County,Washington County,Nassau County,Gadsden County,Wakulla County,Putnam County,Duval County,Jackson County,Walton County,Taylor County,Santa Rosa County,Bay County,Clay County,Gulf County,Hernando County,Levy County"
2020-06-04,15,"Taylor County,Escambia County,Santa Rosa County,Nassau County,Gadsden County,Columbia County,Suwannee County,Walton County,Bradford County,Jackson County,Wakulla County,Bay County,Okaloosa County,Washington County,Baker County"
2020-06-05,19,"Bay County,Gadsden County,Columbia County,Jackson County,Washington County,Santa Rosa County,Escambia County,Wakulla County,Hernando County,Taylor County,Walton County,Baker County,St. Johns County,Bradford County,Nassau County,Putnam County,Suwannee County,Okaloosa County,Clay County"
2020-06-06,10,"Taylor County,Bradford County,Suwannee County,Escambia County,Okaloosa County,Bay County,Walton County,Santa Rosa County,Columbia County,Jackson County"
2020-06-07,5,"Jackson County,Hernando County,Walton County,Bay County,Bradford County"
2020-06-08,14,"Washington County,Suwannee County,Okaloosa County,Escambia County,Columbia County,Bradford County,Gadsden County,Putnam County,Jackson County,Nassau County,Bay County,Walton County,Santa Rosa County,Taylor County"
2020-06-09,14,"St. Johns County,Hernando County,Escambia County,Suwannee County,Bradford County,Bay County,Washington County,Santa Rosa County,Okaloosa County,Taylor County,Baker County,Nassau County,Duval County,Walton County"
2020-06-10,18,"Gadsden County,Santa Rosa County,Columbia County,Bay County,Walton County,Gulf County,Nassau County,Hernando County,Wakulla County,Jackson County,Putnam County,Bradford County,Okaloosa County,St. Johns County,Suwannee County,Taylor County,Escambia County,Washington County"
2020-06-11,16,"Washington County,Taylor County,Nassau County,St. Johns County,Bradford County,Okaloosa County,Escambia County,Baker County,Santa Rosa County,Jackson County,Walton County,Columbia County,Suwannee County,Gadsden County,Hernando County,Bay County"
2020-06-12,17,"Washington County,Bradford County,Putnam County,Jackson County,Escambia County,Baker County,Bay County,Taylor County,Santa Rosa County,Columbia County,Walton County,Wakulla County,Okaloosa County,Nassau County,St. Johns County,Hernando County,Clay County"
2020-06-13,21,"Jackson County,Bradford County,Hernando County,St. Johns County,Bay County,Walton County,Escambia County,Columbia County,Volusia County,Okaloosa County,Nassau County,Citrus County,Santa Rosa County,Gadsden County,Clay County,Duval County,Taylor County,Wakulla County,Putnam County,Levy County,Suwannee County"
2020-06-14,16,"Santa Rosa County,Gadsden County,Escambia County,Walton County,Columbia County,Bay County,Jackson County,Suwannee County,Okaloosa County,Bradford County,Putnam County,Hernando County,Levy County,St. Johns County,Citrus County,Nassau County"
2020-06-15,17,"Suwannee County,Escambia County,Washington County,Taylor County,Wakulla County,Bradford County,Hernando County,Bay County,Gadsden County,Walton County,Columbia County,Santa Rosa County,Okaloosa County,St. Johns County,Levy County,Nassau County,Jackson County"
2020-06-16,21,"Putnam County,St. Johns County,Jackson County,Bradford County,Volusia County,Nassau County,Gadsden County,Hernando County,Okaloosa County,Walton County,Wakulla County,Bay County,Santa Rosa County,Washington County,Taylor County,Duval County,Suwannee County,Levy County,Escambia County,Baker County,Clay County"
2020-06-17,18,"Volusia County,Putnam County,Taylor County,Bradford County,Columbia County,Wakulla County,Gulf County,Okaloosa County,Escambia County,Santa Rosa County,Suwannee County,Nassau County,Washington County,Walton County,St. Johns County,Jackson County,Hernando County,Bay County"
2020-06-18,21,"Suwannee County,Bay County,Wakulla County,Santa Rosa County,Volusia County,Nassau County,Gadsden County,Baker County,Walton County,Levy County,Okaloosa County,Escambia County,St. Johns County,Clay County,Hernando County,Taylor County,Washington County,Columbia County,Duval County,Bradford County,Jackson County"
2020-06-19,19,"Escambia County,St. Johns County,Gadsden County,Taylor County,Okaloosa County,Washington County,Bradford County,Clay County,Walton County,Bay County,Santa Rosa County,Wakulla County,Columbia County,Suwannee County,Baker County,Nassau County,Hernando County,Duval County,Jackson County"
2020-06-20,28,"Nassau County,Marion County,Flagler County,Taylor County,Pasco County,Santa Rosa County,Columbia County,Suwannee County,Duval County,Clay County,Escambia County,Monroe County,Levy County,Citrus County,Volusia County,Walton County,Bay County,Hernando County,Okaloosa County,St. Lucie County,Putnam County,Gadsden County,St. Johns County,Brevard County,Leon County,Wakulla County,Jackson County,Bradford County"
2020-06-21,20,"Columbia County,Clay County,Bay County,Escambia County,Suwannee County,Hernando County,Duval County,Levy County,Putnam County,Gadsden County,Citrus County,Bradford County,Okaloosa County,Flagler County,Nassau County,Jackson County,Walton County,Volusia County,St. Johns County,Santa Rosa County"
2020-06-22,16,"Santa Rosa County,Jackson County,Washington County,Hernando County,Bradford County,Taylor County,Columbia County,Bay County,Escambia County,Levy County,Flagler County,Okaloosa County,Nassau County,St. Johns County,Walton County,Suwannee County"
2020-06-23,12,"Washington County,Baker County,Nassau County,Walton County,Santa Rosa County,Okaloosa County,Taylor County,Bradford County,Bay County,Hernando County,St. Johns County,Escambia County"
2020-06-24,19,"Columbia County,Wakulla County,Okaloosa County,Clay County,Escambia County,Suwannee County,Nassau County,Volusia County,Putnam County,Santa Rosa County,Gulf County,Hernando County,Taylor County,Bay County,St. Johns County,Jackson County,Washington County,Walton County,Bradford County"
2020-06-25,17,"Bradford County,Nassau County,Escambia County,Levy County,Washington County,St. Johns County,Baker County,Wakulla County,Jackson County,Bay County,Hernando County,Okaloosa County,Walton County,Taylor County,Santa Rosa County,Columbia County,Suwannee County"
2020-06-26,18,"Okaloosa County,Gadsden County,Suwannee County,Nassau County,Flagler County,Santa Rosa County,Wakulla County,St. Johns County,Taylor County,Hernando County,Bay County,Bradford County,Baker County,Columbia County,Walton County,Clay County,Washington County,Escambia County"
2020-06-27,17,"Bay County,Volusia County,Clay County,Jackson County,Suwannee County,Bradford County,Santa Rosa County,Okaloosa County,Hernando County,Columbia County,Nassau County,Wakulla County,Walton County,St. Johns County,Taylor County,Flagler County,Escambia County"
2020-06-28,15,"Santa Rosa County,Okaloosa County,Escambia County,Columbia County,Putnam County,Hernando County,Citrus County,Nassau County,Bay County,Walton County,Jackson County,Levy County,Suwannee County,Bradford County,St. Johns County"
2020-06-29,16,"Escambia County,Walton County,Clay County,Levy County,Bradford County,Washington County,Columbia County,Bay County,St. Johns County,Taylor County,Hernando County,Suwannee County,Santa Rosa County,Nassau County,Flagler County,Okaloosa County"
2020-06-30,16,"Jackson County,Walton County,Putnam County,Washington County,Escambia County,Wakulla County,Taylor County,Bay County,Hernando County,Bradford County,Okaloosa County,Flagler County,Santa Rosa County,Nassau County,St. Johns County,Baker County"
2020-07-01,20,"Walton County,Putnam County,Taylor County,Clay County,Washington County,Nassau County,Hernando County,Bay County,St. Johns County,Columbia County,Santa Rosa County,Suwannee County,Okaloosa County,Duval County,Gulf County,Bradford County,Wakulla County,Escambia County,Gadsden County,Jackson County"
2020-07-02,28,"Walton County,Pasco County,Baker County,St. Johns County,Hernando County,Marion County,St. Lucie County,Gadsden County,Columbia County,Putnam County,Flagler County,Wakulla County,Washington County,Duval County,Okaloosa County,Suwannee County,Volusia County,Santa Rosa County,Nassau County,Leon County,Jackson County,Escambia County,Taylor County,Bay County,Bradford County,Clay County,Citrus County,Levy County"
2020-07-03,38,"Pinellas County,Clay County,Pasco County,Volusia County,Leon County,Flagler County,Escambia County,Putnam County,Nassau County,Citrus County,Monroe County,Levy County,Duval County,Gadsden County,Polk County,Bradford County,Baker County,Hernando County,Bay County,Taylor County,Manatee County,Walton County,St. Lucie County,Osceola County,Charlotte County,St. Johns County,Broward County,Santa Rosa County,Suwannee County,Okaloosa County,Seminole County,Columbia County,Lake County,Brevard County,Marion County,Jackson County,Wakulla County,Washington County"
